SKU,Mumbai,Bengaluru,Delhi,Chennai,Kolkata,Hyderabad,Kochi,Coimbatore,Mysuru,Pune,Lucknow,Ahmedabad,Nagpur,Jaipur,Chandigarh,Gurugram,Indore,Surat,Nashik,Vijayawada,Vadodara,Noida,Bhubaneswar,Thiruvananthapuram,Visakhapatnam,Total in-stock pins,Total serviceable pins,Overall %
jivo-canola-cold-pressed-edible-oil-cooking-oil-5l,76.5%,87.2%,52.4%,32.1%,11.4%,57.1%,0.0%,0.0%,0.0%,69.0%,3.7%,0.0%,0.0%,0.0%,22.2%,77.8%,0.0%,0.0%,0.0%,0.0%,0.0%,100.0%,N/A,N/A,N/A,247,645,38.3%
jivo-cold-press-canola-oil-combo-bottle-2l,46.9%,64.1%,85.7%,0.0%,0.0%,0.0%,0.0%,0.0%,0.0%,65.5%,0.0%,0.0%,0.0%,0.0%,88.9%,94.4%,0.0%,0.0%,0.0%,0.0%,0.0%,0.0%,N/A,N/A,N/A,194,645,30.1%
jivo-daily-pomace-olive-oil-2l,71.6%,11.5%,87.3%,43.4%,0.0%,57.1%,0.0%,0.0%,0.0%,69.0%,3.7%,0.0%,0.0%,0.0%,22.2%,94.4%,0.0%,0.0%,0.0%,0.0%,0.0%,100.0%,N/A,N/A,N/A,210,645,32.6%
jivo-extra-light-olive-oil-1l,69.1%,96.2%,82.5%,0.0%,0.0%,60.0%,0.0%,0.0%,0.0%,93.1%,0.0%,0.0%,14.3%,0.0%,100.0%,100.0%,0.0%,0.0%,0.0%,0.0%,0.0%,66.7%,N/A,N/A,N/A,272,645,42.2%
jivo-extra-light-olive-oil-2l,79.0%,78.2%,93.7%,30.2%,0.0%,0.0%,0.0%,0.0%,0.0%,72.4%,3.7%,0.0%,0.0%,0.0%,0.0%,94.4%,0.0%,0.0%,0.0%,0.0%,0.0%,100.0%,N/A,N/A,N/A,242,645,37.5%
jivo-extra-light-olive-oil-combo-2l,48.1%,53.8%,54.0%,0.0%,0.0%,31.4%,0.0%,0.0%,0.0%,41.4%,0.0%,0.0%,0.0%,0.0%,72.2%,77.8%,0.0%,0.0%,0.0%,0.0%,0.0%,66.7%,N/A,N/A,N/A,167,645,25.9%
jivo-extra-light-olive-oil-combo-4l,44.4%,67.9%,77.8%,22.6%,0.0%,0.0%,0.0%,0.0%,0.0%,31.0%,0.0%,0.0%,0.0%,0.0%,0.0%,61.1%,0.0%,0.0%,0.0%,0.0%,0.0%,0.0%,N/A,N/A,N/A,170,645,26.4%
jivo-extra-virgin-cooking-olive-oil-5l,11.1%,10.3%,3.2%,0.0%,0.0%,0.0%,39.4%,0.0%,0.0%,24.1%,0.0%,0.0%,0.0%,0.0%,0.0%,0.0%,0.0%,0.0%,0.0%,0.0%,0.0%,0.0%,N/A,N/A,N/A,39,645,6.0%
jivo-extra-virgin-olive-oil-bottle-1l,87.7%,74.4%,93.7%,7.5%,0.0%,0.0%,0.0%,0.0%,0.0%,0.0%,0.0%,0.0%,0.0%,0.0%,44.4%,94.4%,0.0%,0.0%,0.0%,0.0%,0.0%,100.0%,N/A,N/A,N/A,220,645,34.1%
jivo-gold-refined-oil-blend-of-rice-bran-oil-and-sunflower-oil-1l,0.0%,0.0%,0.0%,0.0%,0.0%,0.0%,0.0%,0.0%,0.0%,0.0%,0.0%,0.0%,0.0%,0.0%,0.0%,0.0%,0.0%,0.0%,0.0%,0.0%,0.0%,0.0%,N/A,N/A,N/A,0,645,0.0%
jivo-gold-refined-oil-blend-of-rice-bran-oil-and-sunflower-oil-5l,0.0%,0.0%,0.0%,0.0%,0.0%,0.0%,0.0%,0.0%,0.0%,0.0%,0.0%,0.0%,0.0%,0.0%,0.0%,0.0%,0.0%,0.0%,0.0%,0.0%,0.0%,0.0%,N/A,N/A,N/A,0,645,0.0%
jivo-groundnut-cold-pressed-oil-healthy-cooking-oil-1l,88.9%,94.9%,90.5%,83.0%,9.1%,71.4%,100.0%,36.7%,96.6%,37.9%,0.0%,0.0%,38.1%,0.0%,0.0%,100.0%,0.0%,0.0%,66.7%,40.0%,0.0%,100.0%,N/A,N/A,N/A,394,645,61.1%
jivo-groundnut-peanut-cold-pressed-heathy-cooking-oil-200ml,66.7%,98.7%,7.9%,60.4%,0.0%,100.0%,33.3%,26.7%,100.0%,3.4%,0.0%,96.0%,100.0%,80.0%,0.0%,0.0%,100.0%,100.0%,50.0%,100.0%,100.0%,0.0%,N/A,N/A,N/A,348,645,54.0%
jivo-kachi-ghani-mustard-cold-pressed-oil-healthy-cooking-oil-1l,93.8%,100.0%,92.1%,43.4%,38.6%,91.4%,100.0%,90.0%,100.0%,65.5%,0.0%,0.0%,52.4%,0.0%,88.9%,100.0%,0.0%,0.0%,83.3%,100.0%,0.0%,100.0%,N/A,N/A,N/A,450,645,69.8%
jivo-kachi-ghani-mustard-cold-pressed-oil-healthy-cooking-oil-5l,74.1%,0.0%,77.8%,0.0%,0.0%,0.0%,0.0%,0.0%,0.0%,31.0%,0.0%,0.0%,0.0%,0.0%,72.2%,38.9%,0.0%,0.0%,0.0%,0.0%,0.0%,33.3%,N/A,N/A,N/A,139,645,21.6%
jivo-pomace-olive-oil-1l,84.0%,96.2%,55.6%,0.0%,0.0%,85.7%,0.0%,0.0%,31.0%,100.0%,0.0%,0.0%,28.6%,0.0%,83.3%,94.4%,0.0%,0.0%,0.0%,0.0%,0.0%,66.7%,N/A,N/A,N/A,286,645,44.3%
jivo-pomace-olive-oil-5l,84.0%,94.9%,81.0%,73.6%,59.1%,80.0%,87.9%,90.0%,100.0%,96.6%,0.0%,0.0%,0.0%,0.0%,55.6%,94.4%,0.0%,0.0%,100.0%,0.0%,0.0%,100.0%,N/A,N/A,N/A,435,645,67.4%
jivo-pomace-olive-oil-combo-2l,49.4%,71.8%,28.6%,0.0%,0.0%,28.6%,0.0%,0.0%,0.0%,72.4%,0.0%,0.0%,0.0%,0.0%,5.6%,55.6%,0.0%,0.0%,0.0%,0.0%,0.0%,33.3%,N/A,N/A,N/A,157,645,24.3%
jivo-refine-canola-oil-tin-15l,76.5%,83.3%,77.8%,30.2%,0.0%,57.1%,0.0%,0.0%,0.0%,69.0%,3.7%,0.0%,0.0%,0.0%,0.0%,94.4%,0.0%,0.0%,0.0%,0.0%,0.0%,100.0%,N/A,N/A,N/A,253,645,39.2%
jivo-rice-bran-daily-cooking-oil-1l,0.0%,33.3%,0.0%,0.0%,0.0%,0.0%,0.0%,0.0%,0.0%,0.0%,0.0%,0.0%,0.0%,0.0%,0.0%,0.0%,0.0%,0.0%,0.0%,0.0%,0.0%,0.0%,N/A,N/A,N/A,26,645,4.0%
jivo-soolive-blend-of-rice-bran-and-olive-oil-1l,0.0%,7.7%,0.0%,0.0%,0.0%,0.0%,0.0%,0.0%,0.0%,69.0%,0.0%,0.0%,0.0%,0.0%,0.0%,0.0%,0.0%,0.0%,0.0%,0.0%,0.0%,0.0%,N/A,N/A,N/A,26,645,4.0%
jivo-sunflower-cold-pressed-oil-healthy-cooking-oil-1l,79.0%,100.0%,93.7%,47.2%,13.6%,51.4%,57.6%,43.3%,100.0%,20.7%,0.0%,0.0%,38.1%,0.0%,16.7%,100.0%,0.0%,0.0%,16.7%,20.0%,0.0%,100.0%,N/A,N/A,N/A,351,645,54.4%
jivo-sunflower-cold-pressed-oil-healthy-cooking-oil-5l,0.0%,0.0%,0.0%,0.0%,0.0%,0.0%,0.0%,0.0%,0.0%,0.0%,0.0%,0.0%,0.0%,0.0%,0.0%,0.0%,0.0%,0.0%,0.0%,0.0%,0.0%,0.0%,N/A,N/A,N/A,0,645,0.0%
